楼层,黄钥匙,蓝钥匙,红钥匙,移涌之钥,黄门,蓝门,红门,金币,攻击,防御,魔力充能,魔力输出,速度,生命值
第1层,3,1,0,0,3,0,0,146,4,8,0,10,3,800
第2层,13,1,0,0,8,0,0,84,3,4,10,0,0,1200
第3层,0,0,0,0,0,0,0,800,6,12,0,0,0,1200
第4层,6,2,1,0,7,1,0,217,3,24,0,0,0,1000
第5层,2,0,0,0,2,2,0,106,1,2,0,0,2,600
第6层,6,1,0,0,7,2,0,2183,3,6,10,10,0,1000
第7层,4,2,0,0,6,3,0,121,12,4,10,10,2,200
第8层,0,0,0,0,0,0,1,68,4,8,10,10,0,800
第9层,0,0,0,0,0,0,0,222,4,4,0,0,0,600
第10层,1,0,0,0,0,0,0,198,4,0,0,0,0,0
第11层,1,0,1,0,0,0,0,118,8,4,0,20,4,600
第12层,0,0,0,0,0,0,0,250,0,0,0,0,0,0
第13层,0,0,0,0,0,0,0,0,2,4,20,20,2,0
第14层,0,0,0,0,0,0,0,3,25,0,0,0,0,0
第15层,0,0,0,0,0,0,0,0,0,50,0,0,0,0
第16层,0,1,0,0,0,0,0,65,0,0,0,0,0,800
第17层,0,0,0,0,0,0,0,55,2,8,0,0,0,400
第18层,0,0,0,0,0,0,0,132,1,4,0,0,0,600
第19层,2,0,0,0,3,4,0,549,4,8,0,0,2,1500
第20层,0,0,2,0,0,0,2,2000,100,200,0,0,0,1200
第21层,0,0,0,0,4,4,0,744,4,8,20,20,4,3600
第22层,8,2,1,0,12,0,0,560,12,124,0,40,12,1200
第23层,5,2,0,0,6,1,0,475,8,12,20,20,2,3600
第24层,10,2,0,0,5,2,0,382,60,20,0,0,0,4200
第25层,0,0,0,0,0,0,1,1243,8,16,40,40,0,1600
第26层,10,1,1,0,8,1,0,740,28,20,40,40,4,4800
第27层,0,0,0,0,0,0,0,4180,0,150,0,0,0,0
第28层,6,4,1,0,4,1,1,770,107,64,120,120,16,11600
第29层,0,0,0,0,0,0,0,1301,0,0,80,40,0,0
第30层,0,0,0,1,0,0,1,1420,0,0,0,0,0,0
第31层,14,10,0,0,0,0,0,2000,40,80,120,120,12,13600
1-8层,34,7,1,0,33,8,1,3725,36,68,40,40,7,6800
9-18层,2,1,1,0,0,0,0,1043,46,74,20,40,6,3000
19-25层,25,6,3,0,30,11,3,5953,196,388,80,120,20,16900
26-31层,30,15,2,1,12,2,2,10411,175,314,360,320,32,30000
1-31层,91,29,7,1,75,21,6,21132,453,844,500,520,65,56700